<VisualMicro>
  <Program Name="ArduinoClientForGDevice" Ext=".ino" Location="D:\DVT\MadeInTheUSB\GDevices.Samples\Components\ArduinoClientForGDevice">
    <Platform Name="arduino10x" Package="arduino" Platform="avr" Architecture="avr">
      <Board Name="uno" Description="Arduino Uno" CoreFolder="D:\DVT\Arduino\arduino-1.0.6\hardware\arduino\cores\arduino" VariantFullPath="D:\DVT\Arduino\arduino-1.0.6\hardware\arduino\variants\standard" McuIdePath="D:\DVT\Arduino\arduino-1.0.6" McuSketchBookPath="D:\DVT\Arduino\arduino-1.0.6\libraries" name="Arduino Uno" upload.protocol="arduino" upload.maximum_size="32256" upload.speed="115200" bootloader.low_fuses="0xff" bootloader.high_fuses="0xde" bootloader.extended_fuses="0x05" bootloader.path="optiboot" bootloader.file="optiboot_atmega328.hex" bootloader.unlock_bits="0x3F" bootloader.lock_bits="0x0F" build.mcu="atmega328p" build.f_cpu="16000000L" build.core="arduino" build.variant="standard" runtime.ide.path="D:\DVT\Arduino\arduino-1.0.6" build.system.path="D:\DVT\Arduino\arduino-1.0.6\hardware\arduino\system" runtime.ide.version="106" originalid="uno" vm.platform.root.path="C:\Program Files (x86)\Visual Micro\Visual Micro for Arduino\Micro Platforms\arduino10x" ide.hint="Arduino 0023 and 1.0.x Ide" ide.location.key="Arduino" ide.location.ide.winreg="Arduino 1.0.x Application" ide.location.sketchbook.winreg="Arduino 1.0.x Sketchbook" ide.location.sketchbook.preferences="sketchbook.path" ide.location.sketchbook.default="%MYDOCUMENTS%\arduino" ide.location.preferences="%VM_APPDATA_ROAMING%\arduino\preferences.txt" ide.default.package="arduino" ide.default.platform="avr" ide.multiplatform="true" ide.includes="arduino.h" ide.platformswithoutpackage="true" ide.includes.fallback="wprogram.h" ide.extension="ino" ide.extension.fallback="pde" ide.versionLTEQ="149" ide.exe="arduino.exe" ide.hosts="atmel" ide.url="http://arduino.cc/en/Main/Software" vm.debug="true" software="ARDUINO" ide.appid="arduino10x" location.sketchbook="D:\DVT\Arduino\arduino-1.0.6\libraries" build.core.vmresolved="D:\DVT\Arduino\arduino-1.0.6\hardware\arduino\cores\arduino" build.core.parentfolder.vmresolved="D:\DVT\Arduino\arduino-1.0.6\hardware\arduino\cores" build.core.coresparentfolder.vmresolved="D:\DVT\Arduino\arduino-1.0.6\hardware\arduino" vm.core.include="arduino.h" build.board="AVR_UNO" vm.boardsource.path="D:\DVT\Arduino\arduino-1.0.6\hardware\arduino" runtime.platform.path="D:\DVT\Arduino\arduino-1.0.6\hardware\arduino" vm.platformname.name="avr" build.arch="AVR" build.variant.vmresolved="D:\DVT\Arduino\arduino-1.0.6\hardware\arduino\variants\standard" vm.runtime.compiler.showwarnings="false" serial.port.file="COM4" serial.port="COM4" compiler.path="D:\DVT\Arduino\arduino-1.0.6\hardware\tools\avr\bin\" includes=" -I&quot;D:\DVT\Arduino\arduino-1.0.6\hardware\arduino\cores\arduino&quot;  -I&quot;D:\DVT\Arduino\arduino-1.0.6\hardware\arduino\variants\standard&quot;  -I&quot;D:\DVT\Arduino\arduino-1.0.6\libraries\fArduino&quot;  -I&quot;D:\DVT\Arduino\arduino-1.0.6\libraries&quot;  -I&quot;D:\DVT\Arduino\arduino-1.0.6\hardware\arduino\libraries&quot;  -I&quot;C:\Program Files (x86)\Visual Micro\Visual Micro for Arduino\Micro Platforms\default\debuggers&quot;  -I&quot;D:\DVT\Arduino\arduino-1.0.6\libraries\libraries&quot; " build.path="C:\Users\TorresF\AppData\Local\VMicro\Arduino\Builds\ArduinoClientForGDevice\uno" build.project_name="ArduinoClientForGDevice" build.variant.path="D:\DVT\Arduino\arduino-1.0.6\hardware\arduino\variants\standard" archive_file="core.a" object_file="C:\Users\TorresF\AppData\Local\VMicro\Arduino\Builds\ArduinoClientForGDevice\uno\fArduino\fArduino.cpp.o" source_file="D:\DVT\Arduino\arduino-1.0.6\libraries\fArduino\fArduino.cpp" object_files="&quot;C:\Users\TorresF\AppData\Local\VMicro\Arduino\Builds\ArduinoClientForGDevice\uno\ArduinoClientForGDevice.cpp.o&quot; &quot;C:\Users\TorresF\AppData\Local\VMicro\Arduino\Builds\ArduinoClientForGDevice\uno\fArduino\fArduino.cpp.o&quot; " build.architecture="avr" vmresolved.compiler.path="D:\DVT\Arduino\arduino-1.0.6\hardware\tools\avr\bin\" vmresolved.tools.path="D:\DVT\Arduino\arduino-1.0.6\hardware\tools\avr" />
    </Platform>
    <Compile CompilerErrors="0" ConfigurationName="Debug" StopOnError="False" OptimiseLibs="True" OptimiseCore="True" BuildPath="C:\Users\TorresF\AppData\Local\VMicro\Arduino\Builds\ArduinoClientForGDevice\uno" IsDebugStart="0" IncludeDebug="0" IncludesDebug="0" SketchName="ArduinoClientForGDevice" IsCompiled="1" />
    <Debug EnableBreak="1" DebugEnabled="0" />
    <VCCodeModel>
      <VCCodeMacros />
    </VCCodeModel>
  </Program>
</VisualMicro>